{"cameraMode":{"drawMode":0,"name":"Shaded","section":"Shading Mode"},"sceneLighting":false,"audioPlay":false,"sceneViewState":{"showFog":true,"showMaterialUpdate":false,"showSkybox":false,"showFlares":true,"showImageEffects":true,"showParticleSystems":true},"in2DMode":false,"pivot":{"x":-1.2950583696365357,"y":13.329168319702149,"z":2.3755640983581545},"rotation":{"x":0.22158122062683106,"y":-0.11379090696573258,"z":0.026043929159641267,"w":0.9681311249732971},"size":16.993627548217775,"orthographic":false}