{"cameraMode":{"drawMode":0,"name":"Shaded","section":"Shading Mode"},"sceneLighting":false,"audioPlay":false,"sceneViewState":{"showFog":true,"showMaterialUpdate":false,"showSkybox":false,"showFlares":true,"showImageEffects":true,"showParticleSystems":true},"in2DMode":false,"pivot":{"x":-29.11229133605957,"y":14.119124412536621,"z":-0.549285888671875},"rotation":{"x":0.028306441381573678,"y":-0.11519718170166016,"z":0.0032836839091032745,"w":0.9929356575012207},"size":13.27793025970459,"orthographic":false}