{"cameraMode":{"drawMode":0,"name":"Shaded","section":"Shading Mode"},"sceneLighting":false,"audioPlay":false,"sceneViewState":{"showFog":true,"showMaterialUpdate":false,"showSkybox":false,"showFlares":true,"showImageEffects":true,"showParticleSystems":true},"in2DMode":false,"pivot":{"x":-13.91829776763916,"y":-5.448721408843994,"z":25.781322479248048},"rotation":{"x":0.23316533863544465,"y":0.036456555128097537,"z":-0.008747819811105729,"w":0.9717154502868652},"size":36.654136657714847,"orthographic":false}