{"cameraMode":{"drawMode":0,"name":"Shaded","section":"Shading Mode"},"sceneLighting":false,"audioPlay":false,"sceneViewState":{"showFog":true,"showMaterialUpdate":false,"showSkybox":false,"showFlares":true,"showImageEffects":true,"showParticleSystems":true},"in2DMode":false,"pivot":{"x":-6.717473983764648,"y":1.5288349390029908,"z":1.3969707489013672},"rotation":{"x":0.18753907084465028,"y":0.058896373957395557,"z":-0.011265825480222702,"w":0.9804268479347229},"size":23.217008590698243,"orthographic":false}