{"cameraMode":{"drawMode":0,"name":"Shaded","section":"Shading Mode"},"sceneLighting":false,"audioPlay":false,"sceneViewState":{"showFog":true,"showMaterialUpdate":false,"showSkybox":false,"showFlares":true,"showImageEffects":true,"showParticleSystems":true},"in2DMode":false,"pivot":{"x":-10.545660018920899,"y":-4.772539138793945,"z":-6.006191253662109},"rotation":{"x":0.11539651453495026,"y":-0.1498897522687912,"z":0.01761753112077713,"w":0.9817893505096436},"size":39.63517379760742,"orthographic":false}