{"cameraMode":{"drawMode":0,"name":"Shaded","section":"Shading Mode"},"sceneLighting":false,"audioPlay":false,"sceneViewState":{"showFog":true,"showMaterialUpdate":false,"showSkybox":false,"showFlares":true,"showImageEffects":true,"showParticleSystems":true},"in2DMode":false,"pivot":{"x":7.545774936676025,"y":5.102849006652832,"z":19.878047943115236},"rotation":{"x":0.07189889252185822,"y":0.032908499240875247,"z":-0.0023734939750283958,"w":0.9968683123588562},"size":24.251537322998048,"orthographic":false}