{"cameraMode":{"drawMode":0,"name":"Shaded","section":"Shading Mode"},"sceneLighting":true,"audioPlay":false,"sceneViewState":{"showFog":true,"showMaterialUpdate":false,"showSkybox":true,"showFlares":true,"showImageEffects":true,"showParticleSystems":true},"in2DMode":false,"pivot":{"x":-20.96953773498535,"y":5.623958587646484,"z":17.25404167175293},"rotation":{"x":0.13348756730556489,"y":-0.30956506729125979,"z":0.04394025728106499,"w":0.9404377341270447},"size":35.566734313964847,"orthographic":false}